{
  "Author": "Speakingevil",
  "Compatibility": "Compatible",
  "DefuserDifficulty": "Medium",
  "Description": "Rotate the dice so that the numbers on their corresponding faces sum to the required totals.",
  "ExpertDifficulty": "Hard",
  "ModuleID": "diceStack",
  "Name": "Dice Stack",
  "Origin": "Mods",
  "Published": "2023-06-18",
  "SortKey": "DICESTACK",
  "SourceUrl": "https://github.com/Speakingevil/dice-stack",
  "SteamID": "2990882674",
  "Symbol": "Dst",
  "Type": "Regular"
}